{"weights_dict": {"Bench Press": 100.0, "Lat Pulldown": 100.0, "Military Press": 100.0, "Front Squat": 100.0}, "movement_1rm_dict": {"Cable Chest Press": 116.66666666666667, "Cable Incline Press": 116.66666666666667, "Cable Decline Press": 116.66666666666667, "Cable Chest Fly": 116.66666666666667, "Lat Pulldown": 116.66666666666667, "Wide Grip Lat Pulldown": 116.66666666666667, "Straight-Arm Pulldown": 116.66666666666667, "Seated Row": 99.16666666666667, "Single-Arm Row": 99.16666666666667, "Face Pull": 99.16666666666667, "Reverse Fly": 99.16666666666667, "Tricep Pushdown": 40.833333333333336, "Overhead Tricep Extension": 40.833333333333336, "Tricep Kickback": 40.833333333333336, "Bicep Curl": 35.0, "Hammer Curl": 35.0, "Concentration Curl": 35.0, "Squat": 116.66666666666667, "Front Squat": 116.66666666666667, "Goblet Squat": 116.66666666666667, "Lunge": 116.66666666666667, "Reverse Lunge": 116.66666666666667, "Split Squat": 116.66666666666667, "Shoulder Press": 116.66666666666667, "Lateral Raise": 116.66666666666667, "Front Raise": 116.66666666666667, "Upright Row": 116.66666666666667, "Cable Deadlift": 105.0, "Romanian Deadlift": 105.0, "Cable Crunch": 29.166666666666668, "Woodchopper": 29.166666666666668, "Pallof Press": 29.166666666666668, "Hip Abduction": 58.333333333333336, "Hip Adduction": 58.333333333333336, "Glute Kickback": 58.333333333333336, "Push-up": 0, "Bodyweight Squat": 0, "Dips": 0, "Plank": 0, "Hamstring Stretch": 0, "Quad Stretch": 0, "Chest Opener": 0, "Cat-Cow Stretch": 0, "Side Bend": 0}, "goal": "Build Muscle", "options": {"days_per_week": 3, "duration": "20 minutes", "bodyweight": false, "name": "", "gender": "", "height": "", "weight": ""}}